Fecha,Último,Apertura,Máximo,Mínimo,Vol. K,var.
14-03-2020,"5457,1","5621,8","5673,2","5210,0","19,75","-2,99"
13-03-2020,"5625,4","4873,1","5965,3","4001,0","102,82","14,17"
12-03-2020,"4927,0","7975,3","8001,7","4612,1","116,68","-38,18"
11-03-2020,"7969,6","7917,9","8020,6","7635,1","10,98","0,71"
10-03-2020,"7913,8","7965,5","8180,0","7779,0","10,17","-0,67"
09-03-2020,"7967,3","8073,8","8214,9","7700,0","22,56","-1,32"
08-03-2020,"8074,0","8917,2","8917,2","8049,5","25,59","-9,47"
07-03-2020,"8919,0","9180,6","9231,1","8884,8","4,49","-2,85"
06-03-2020,"9180,6","9085,6","9199,7","9016,1","3,14","0,99"
05-03-2020,"9090,8","8795,3","9185,0","8795,3","5,72","3,44"
04-03-2020,"8788,6","8791,1","8877,7","8718,4","4,17","-0,03"
03-03-2020,"8791,1","8938,5","8940,0","8700,0","5,32","-1,64"
02-03-2020,"8938,1","8556,8","8990,8","8524,6","5,32","4,35"
01-03-2020,"8565,2","8561,5","8775,0","8460,0","5,39","0,09"
29-02-2020,"8557,3","8730,6","8820,9","8557,3","2,50","-1,96"
28-02-2020,"8728,0","8826,1","8908,3","8455,2","7,09","-1,11"
27-02-2020,"8825,8","8813,2","8975,0","8555,0","8,39","0,14"
26-02-2020,"8813,2","9324,8","9385,9","8652,7","14,59","-5,51"
25-02-2020,"9327,5","9674,0","9686,6","9251,4","8,49","-3,58"
24-02-2020,"9674,1","9983,8","10022,0","9484,3","6,59","-3,11"
23-02-2020,"9985,0","9663,0","10001,0","9660,2","7,30","3,34"
22-02-2020,"9662,4","9693,0","9714,0","9565,2","1,84","-0,32"
21-02-2020,"9693,5","9609,2","9757,4","9567,9","11,10","0,89"
20-02-2020,"9608,1","9586,2","9694,7","9362,4","6,50","0,17"
19-02-2020,"9592,2","10184,0","10309,0","9350,3","13,94","-5,80"
18-02-2020,"10183,0","9708,0","10275,0","9625,9","8,25","4,89"
17-02-2020,"9708,0","9929,7","9963,8","9501,5","9,30","-2,23"
16-02-2020,"9929,7","9901,0","10037,0","9651,4","6,93","0,29"
15-02-2020,"9901,0","10335,0","10370,0","9800,3","6,40","-4,20"
14-02-2020,"10335,0","10222,0","10371,0","10101,0","4,13","1,11"
13-02-2020,"10222,0","10338,0","10489,0","10080,0","8,98","-1,13"
12-02-2020,"10339,0","10249,0","10458,0","10238,0","8,71","0,90"
11-02-2020,"10247,0","9851,2","10316,0","9720,0","8,45","4,03"
10-02-2020,"9850,2","10151,5","10187,0","9737,8","8,52","-2,96"
09-02-2020,"10151,0","9877,3","10161,0","9871,1","9,64","2,77"
08-02-2020,"9877,2","9805,2","9920,7","9657,8","5,53","0,73"
07-02-2020,"9805,2","9745,0","9859,6","9695,5","3,70","0,62"
06-02-2020,"9744,9","9612,0","9860,0","9547,0","8,58","1,38"
05-02-2020,"9612,0","9197,5","9731,2","9180,2","10,77","4,51"
04-02-2020,"9197,4","9309,2","9359,8","9112,5","4,07","-1,20"
03-02-2020,"9309,3","9353,1","9625,3","9247,1","6,72","-0,47"
02-02-2020,"9353,1","9408,0","9501,0","9175,4","6,44","-0,61"
01-02-2020,"9410,6","9371,3","9476,4","9318,1","2,53","0,46"
31-01-2020,"9367,4","9512,7","9519,9","9221,9","4,87","-1,53"
30-01-2020,"9512,7","9305,1","9550,0","9175,7","9,02","2,24"
29-01-2020,"9304,2","9390,9","9442,0","9244,4","4,60","-0,95"
28-01-2020,"9393,7","8912,1","9413,0","8912,1","9,12","5,41"
27-01-2020,"8912,0","8622,0","9001,8","8585,2","6,28","3,37"
26-01-2020,"8621,6","8351,1","8622,0","8303,6","3,52","3,21"
25-01-2020,"8353,7","8447,1","8447,2","8280,0","2,10","-1,11"
24-01-2020,"8447,1","8403,6","8521,8","8247,7","3,51","0,52"
23-01-2020,"8403,5","8668,9","8669,3","8296,9","5,70","-3,01"
22-01-2020,"8663,9","8734,2","8799,9","8580,6","2,35","-0,80"
21-01-2020,"8734,1","8638,2","8782,8","8512,2","3,25","1,11"
20-01-2020,"8638,2","8698,6","8741,1","8519,6","4,11","-0,64"
19-01-2020,"8694,0","8891,6","9169,5","8455,7","12,41","-2,22"
18-01-2020,"8891,5","8873,1","8965,0","8794,2","3,46","0,18"
17-01-2020,"8875,4","8719,5","8994,9","8674,2","9,69","1,78"
16-01-2020,"8720,6","8810,9","8839,9","8579,8","5,31","-0,99"
15-01-2020,"8807,7","8760,8","8873,0","8560,2","8,78","0,37"
14-01-2020,"8775,6","8104,1","8829,0","8099,3","16,57","8,41"
13-01-2020,"8094,5","8174,9","8198,3","8053,6","2,59","-0,98"
12-01-2020,"8174,7","8013,6","8174,7","7951,7","3,21","2,01"
11-01-2020,"8013,8","8184,3","8271,9","7994,6","4,25","-1,99"
10-01-2020,"8176,3","7817,4","8177,8","7678,5","7,86","4,59"
09-01-2020,"7817,5","8036,8","8036,8","7756,2","4,67","-2,73"
08-01-2020,"8036,8","8158,2","8442,0","7882,8","11,76","-1,39"
07-01-2020,"8150,0","7759,5","8200,1","7741,9","12,35","5,05"
06-01-2020,"7757,9","7364,7","7784,9","7358,0","8,54","5,34"
05-01-2020,"7364,6","7370,3","7509,9","7315,8","4,45","-0,07"
04-01-2020,"7369,8","7371,8","7422,0","7297,7","4,27","0,03"
03-01-2020,"7367,5","6989,4","7437,6","6909,3","6,68","5,41"
02-01-2020,"6989,4","7212,7","7225,2","6963,0","4,85","-3,10"
01-01-2020,"7212,7","7208,2","7268,8","7185,4","2,07","0,06"
31-12-2019,"7208,3","7261,0","7333,0","7161,3","2,99","-0,72"
30-12-2019,"7260,9","7413,0","7421,6","7217,7","4,09","-2,12"
29-12-2019,"7417,9","7333,2","7551,6","7311,8","2,49","1,14"
28-12-2019,"7334,4","7293,6","7389,9","7280,5","2,73","0,65"
27-12-2019,"7287,0","7235,3","7300,0","7114,1","4,00","0,75"
26-12-2019,"7232,4","7220,1","7464,3","7189,0","4,72","0,17"
25-12-2019,"7220,1","7270,0","7287,4","7144,8","3,36","-0,78"
24-12-2019,"7276,9","7346,2","7445,0","7182,9","4,25","-0,96"
23-12-2019,"7347,4","7538,9","7715,0","7283,1","7,08","-2,45"
22-12-2019,"7532,0","7166,3","7541,3","7159,6","3,62","5,10"
21-12-2019,"7166,4","7213,0","7215,1","7145,2","2,28","-0,65"
20-12-2019,"7212,9","7181,8","7249,0","7116,8","5,70","0,43"
19-12-2019,"7181,8","7326,9","7412,5","7089,1","5,43","-1,93"
18-12-2019,"7323,4","6667,1","7480,2","6479,4","13,75","9,84"
17-12-2019,"6667,1","6926,6","6972,0","6624,3","12,66","-3,75"
16-12-2019,"6926,8","7152,7","7189,9","6900,0","13,42","-3,16"
15-12-2019,"7152,7","7100,8","7218,6","7046,6","3,53","0,73"
14-12-2019,"7100,8","7283,1","7290,5","7038,5","3,41","-2,50"
13-12-2019,"7283,2","7224,1","7331,9","7218,7","2,90","0,82"
12-12-2019,"7224,0","7231,2","7325,6","7133,8","5,64","-0,09"
11-12-2019,"7230,7","7254,7","7296,2","7170,1","3,12","-0,33"
10-12-2019,"7254,6","7373,8","7433,0","7207,5","3,64","-1,69"
09-12-2019,"7379,5","7563,8","7701,1","7309,1","6,56","-2,45"
08-12-2019,"7564,6","7543,2","7620,0","7433,6","4,30","0,28"
07-12-2019,"7543,2","7584,7","7665,1","7520,1","1,72","-0,59"
06-12-2019,"7588,3","7439,9","7648,6","7350,1","5,71","1,99"
05-12-2019,"7440,0","7239,3","7522,8","7193,7","4,79","2,79"
04-12-2019,"7238,2","7336,9","7887,7","7134,1","11,72","-1,33"
03-12-2019,"7336,0","7350,2","7453,5","7288,0","2,30","-0,19"
02-12-2019,"7350,3","7450,1","7467,3","7209,4","4,63","-1,34"
01-12-2019,"7450,1","7599,9","7600,1","7288,7","6,33","-1,97"
30-11-2019,"7599,9","7796,5","7849,6","7495,0","4,97","-2,52"
29-11-2019,"7796,6","7460,7","7916,3","7450,0","7,28","4,50"
28-11-2019,"7460,8","7547,3","7683,0","7415,0","4,34","-1,17"
27-11-2019,"7549,3","7198,3","7689,0","6880,0","13,90","4,88"
26-11-2019,"7198,3","7162,8","7384,7","7061,2","5,20","0,42"
25-11-2019,"7168,0","6965,2","7413,6","6619,4","18,52","2,91"
24-11-2019,"6965,3","7352,7","7372,0","6922,0","8,58","-5,27"
23-11-2019,"7352,6","7318,6","7385,0","7141,0","4,63","0,40"
22-11-2019,"7323,0","7672,5","7763,3","6820,1","19,37","-4,54"
21-11-2019,"7671,1","8126,4","8155,9","7510,1","9,89","-5,60"
20-11-2019,"8126,4","8164,9","8255,0","8081,0","2,06","-0,47"
19-11-2019,"8164,9","8219,5","8241,9","8055,2","3,70","-0,66"
18-11-2019,"8219,5","8536,7","8536,8","8119,0","6,36","-3,72"
17-11-2019,"8537,3","8523,4","8662,9","8422,0","2,84","0,16"
16-11-2019,"8523,5","8494,8","8553,1","8442,7","1,53","0,33"
15-11-2019,"8495,8","8655,5","8798,1","8420,2","5,18","-1,85"
14-11-2019,"8655,7","8800,9","8817,4","8601,4","3,30","-1,65"
13-11-2019,"8801,1","8830,0","8849,3","8730,3","1,34","-0,33"
12-11-2019,"8830,0","8737,7","8891,5","8602,1","3,50","1,06"
11-11-2019,"8737,7","9069,7","9107,3","8633,4","4,24","-3,65"
10-11-2019,"9068,4","8827,1","9156,9","8764,0","4,64","2,72"
09-11-2019,"8828,0","8782,3","8891,4","8735,9","1,96","0,52"
08-11-2019,"8782,4","9209,2","9252,4","8688,1","7,86","-4,62"
07-11-2019,"9208,0","9355,0","9387,1","9086,5","3,75","-1,55"
06-11-2019,"9353,0","9334,0","9475,0","9278,0","3,47","0,20"
05-11-2019,"9333,9","9440,0","9504,1","9200,0","3,41","-1,14"
04-11-2019,"9441,2","9223,0","9621,8","9152,0","7,47","2,37"
03-11-2019,"9222,4","9332,2","9400,6","9100,0","3,62","-1,18"
02-11-2019,"9332,1","9288,4","9429,4","9251,8","3,66","0,46"
01-11-2019,"9289,1","9185,6","9332,1","9087,4","4,09","1,13"
31-10-2019,"9185,6","9184,4","9460,7","8984,8","5,67","0,01"
30-10-2019,"9184,3","9445,5","9446,9","9035,0","5,05","-2,77"
29-10-2019,"9445,5","9229,2","9558,3","9101,3","6,73","2,38"
28-10-2019,"9225,7","9574,1","9948,0","9216,8","8,99","-3,62"
27-10-2019,"9571,8","9270,9","9815,6","9121,6","11,11","3,25"
26-10-2019,"9270,9","8679,3","10464,1","8662,9","32,06","6,82"
25-10-2019,"8679,1","7453,0","8800,0","7426,0","17,10","16,45"
24-10-2019,"7453,0","7493,6","7529,0","7372,0","5,80","-0,54"
23-10-2019,"7493,7","8053,7","8074,5","7341,5","12,98","-7,01"
22-10-2019,"8058,9","8242,2","8332,2","8037,1","3,85","-2,24"
21-10-2019,"8243,9","8260,7","8371,3","8181,8","3,41","-0,20"
20-10-2019,"8260,6","7993,0","8335,6","7922,0","4,87","3,35"
19-10-2019,"7992,9","7987,3","8117,0","7927,0","3,51","0,07"
18-10-2019,"7987,2","8092,4","8135,1","7860,0","5,30","-1,30"
17-10-2019,"8092,3","8016,1","8144,9","7949,3","2,81","0,95"
16-10-2019,"8016,0","8191,0","8203,2","7960,0","7,08","-2,14"
15-10-2019,"8191,1","8370,0","8433,7","8123,6","3,28","-2,14"
14-10-2019,"8370,0","8304,9","8423,5","8230,1","2,54","0,77"
13-10-2019,"8305,7","8319,6","8477,4","8179,3","4,04","-0,15"
12-10-2019,"8318,3","8278,2","8421,0","8272,5","1,71","0,46"
11-10-2019,"8280,0","8596,0","8815,2","8253,0","6,08","-3,68"
10-10-2019,"8596,0","8610,4","8682,8","8472,0","4,32","-0,13"
09-10-2019,"8607,5","8205,0","8717,9","8146,6","8,39","4,83"
08-10-2019,"8211,2","8234,6","8362,0","8132,8","3,47","-0,19"
07-10-2019,"8227,0","7886,2","8342,0","7794,9","8,15","4,36"
06-10-2019,"7883,1","8162,5","8183,1","7807,1","5,85","-3,42"
05-10-2019,"8162,5","8170,1","8210,7","8040,0","3,33","-0,09"
04-10-2019,"8170,0","8260,5","8264,9","8040,0","3,05","-1,06"
03-10-2019,"8257,9","8414,9","8440,0","8100,7","3,72","-1,85"
02-10-2019,"8413,4","8333,7","8419,9","8193,5","3,45","0,94"
01-10-2019,"8334,9","8331,1","8539,0","8228,0","5,84","0,05"
30-09-2019,"8331,1","8090,1","8384,0","7753,0","10,92","2,98"
29-09-2019,"8090,0","8238,2","8260,2","7930,7","6,14","-1,80"
28-09-2019,"8238,6","8215,3","8354,7","8047,9","5,45","0,31"
27-09-2019,"8213,4","8105,9","8296,5","7906,3","7,47","1,35"
26-09-2019,"8103,6","8475,3","8489,9","7800,1","15,42","-4,38"
25-09-2019,"8474,7","8535,0","8770,0","8266,1","12,77","-0,86"
24-09-2019,"8547,9","9702,6","9788,1","8110,1","34,87","-11,90"
23-09-2019,"9702,6","10055,0","10077,0","9627,5","5,49","-3,48"
22-09-2019,"10052,0","10012,0","10105,0","9881,4","2,75","0,39"
21-09-2019,"10013,0","10197,0","10199,0","9958,1","2,98","-1,81"
20-09-2019,"10198,0","10303,0","10340,0","10105,0","2,51","-1,00"
19-09-2019,"10301,0","10185,0","10417,0","9655,0","9,77","1,14"
18-09-2019,"10185,0","10214,1","10278,0","10111,0","3,34","-0,28"
17-09-2019,"10214,1","10290,0","10308,0","10171,0","2,94","-0,79"
16-09-2019,"10295,0","10321,0","10399,0","10100,0","5,52","-0,26"
15-09-2019,"10322,0","10381,0","10402,0","10287,0","1,88","-0,55"
14-09-2019,"10379,0","10374,0","10478,0","10256,0","3,16","0,05"
13-09-2019,"10374,0","10452,0","10475,0","10170,0","4,50","-0,75"
12-09-2019,"10452,0","10174,2","10488,0","10065,1","4,40","2,72"
11-09-2019,"10175,0","10121,0","10297,0","9866,5","4,35","0,52"
10-09-2019,"10122,0","10317,0","10399,0","9961,7","4,21","-1,90"
09-09-2019,"10318,0","10417,0","10542,0","10118,6","5,20","-0,93"
08-09-2019,"10415,0","10489,0","10599,0","10257,0","3,51","-0,70"
07-09-2019,"10488,0","10305,0","10581,0","10305,0","3,38","1,66"
06-09-2019,"10317,0","10582,9","10933,0","10218,0","11,28","-2,47"
05-09-2019,"10578,7","10593,0","10663,0","10483,0","3,01","-0,11"
04-09-2019,"10590,0","10642,0","10841,2","10411,0","6,25","-0,48"
03-09-2019,"10641,0","10401,0","10766,0","10300,0","10,74","2,44"
02-09-2019,"10388,0","9783,0","10473,0","9754,9","11,14","6,23"
01-09-2019,"9779,1","9623,9","9858,0","9560,1","2,87","1,61"
31-08-2019,"9623,9","9600,7","9710,2","9472,1","2,75","0,24"
30-08-2019,"9601,0","9509,4","9710,0","9384,3","3,75","0,97"
29-08-2019,"9509,0","9727,3","9727,3","9360,4","7,08","-2,25"
28-08-2019,"9727,4","10190,0","10303,0","9585,3","10,41","-4,48"
27-08-2019,"10184,0","10376,2","10392,0","10036,9","4,52","-1,86"
26-08-2019,"10377,0","10144,0","10654,0","10144,0","8,98","2,42"
25-08-2019,"10132,0","10162,0","10349,0","9881,1","5,21","-0,20"
24-08-2019,"10152,0","10414,0","10427,0","9900,0","5,41","-2,46"
23-08-2019,"10408,0","10117,0","10461,0","10063,0","6,39","2,88"
22-08-2019,"10117,0","10147,0","10247,0","9790,0","6,53","-0,29"
21-08-2019,"10146,0","10795,0","10825,0","9880,0","11,79","-5,99"
20-08-2019,"10793,0","10947,0","10986,0","10588,0","5,83","-1,32"
19-08-2019,"10937,0","10329,0","10960,0","10280,0","7,38","5,91"
18-08-2019,"10327,0","10230,0","10529,0","10086,0","3,90","0,97"
17-08-2019,"10228,0","10372,0","10487,0","10004,1","4,89","-1,33"
16-08-2019,"10366,0","10324,0","10568,0","9783,4","12,89","0,38"
15-08-2019,"10327,0","10067,0","10470,0","9522,5","17,37","2,58"
14-08-2019,"10067,0","10904,0","10909,0","9980,0","14,51","-7,68"
13-08-2019,"10904,0","11411,0","11468,0","10801,0","9,00","-4,38"
12-08-2019,"11404,0","11577,0","11578,8","11272,0","3,20","-1,57"
11-08-2019,"11586,0","11308,0","11594,0","11158,0","5,44","2,40"
10-08-2019,"11314,0","11892,0","12003,0","11263,0","9,02","-4,87"
09-08-2019,"11893,0","12051,0","12092,7","11711,0","7,81","-1,38"
08-08-2019,"12060,0","11999,0","12126,0","11570,0","10,97","0,53"
07-08-2019,"11997,0","11472,0","12122,0","11386,0","13,66","4,58"
06-08-2019,"11471,2","11824,0","12307,0","11268,0","19,34","-2,85"
05-08-2019,"11808,0","10974,0","11938,0","10973,0","16,13","7,61"
04-08-2019,"10973,0","10822,0","11060,0","10595,0","9,28","1,40"
03-08-2019,"10822,0","10520,0","10910,0","10506,0","7,42","2,88"
02-08-2019,"10519,0","10400,0","10648,3","10345,0","8,44","1,15"
01-08-2019,"10399,0","10096,0","10500,0","9899,9","7,78","3,08"
31-07-2019,"10088,0","9588,9","10099,0","9575,5","7,94","5,20"
30-07-2019,"9589,0","9503,5","9736,0","9401,6","5,19","0,86"
29-07-2019,"9507,0","9530,0","9690,0","9396,6","5,70","-0,13"
28-07-2019,"9519,0","9463,1","9604,2","9112,3","7,75","0,56"
27-07-2019,"9465,7","9840,3","10189,0","9300,3","11,77","-3,83"
26-07-2019,"9842,5","9888,0","9899,0","9672,0","5,12","-0,48"
25-07-2019,"9890,1","9772,0","10180,0","9735,0","9,22","1,22"
24-07-2019,"9771,0","9859,0","9917,7","9541,9","11,57","-0,85"
23-07-2019,"9854,9","10330,0","10330,0","9824,5","9,77","-4,59"
22-07-2019,"10329,0","10572,0","10667,0","10094,0","10,90","-2,27"
21-07-2019,"10569,4","10741,0","10811,0","10300,0","8,25","-1,59"
20-07-2019,"10740,0","10517,6","11085,0","10402,0","12,13","2,10"
19-07-2019,"10519,0","10624,0","10759,0","10132,7","13,16","-0,97"
18-07-2019,"10622,0","9691,2","10750,0","9271,6","28,83","9,70"
17-07-2019,"9683,2","9418,4","9963,1","9090,0","23,12","2,90"
16-07-2019,"9410,0","10813,0","10991,0","9378,0","26,18","-13,03"
15-07-2019,"10820,0","10193,0","11043,0","9920,6","21,44","6,01"
14-07-2019,"10206,8","11324,0","11390,0","10125,0","22,49","-9,77"
13-07-2019,"11312,0","11779,0","11803,0","10806,0","14,72","-3,85"
12-07-2019,"11765,0","11327,0","11900,0","11100,0","12,25","3,75"
11-07-2019,"11340,0","12092,0","12092,0","11006,0","21,60","-6,23"
10-07-2019,"12093,0","12564,0","13173,0","11572,0","36,06","-3,66"
09-07-2019,"12553,0","12301,5","12811,0","12173,0","19,16","2,05"
08-07-2019,"12301,0","11484,0","12382,0","11339,0","17,84","7,10"
07-07-2019,"11486,0","11276,0","11618,0","11121,6","8,42","1,80"
06-07-2019,"11283,0","10983,0","11720,0","10983,0","12,21","2,59"
05-07-2019,"10998,0","11141,0","11440,0","10802,0","16,37","-1,53"
04-07-2019,"11169,0","12000,0","12063,5","11057,0","19,84","-6,80"
03-07-2019,"11984,0","10903,0","12004,0","10903,0","28,09","10,29"
02-07-2019,"10866,0","10639,8","10961,0","9745,1","28,78","2,13"
01-07-2019,"10639,0","10777,0","11221,0","10099,0","24,90","-0,99"
30-06-2019,"10745,0","11973,0","12229,0","10705,0","19,07","-9,86"
29-06-2019,"11921,0","12350,7","12350,7","11375,0","20,39","-3,47"
28-06-2019,"12349,0","11183,0","12404,0","10812,0","31,98","10,26"
27-06-2019,"11200,0","12876,0","13222,0","10397,0","47,61","-13,02"
26-06-2019,"12876,0","11746,0","13764,0","11693,0","55,59","9,57"
25-06-2019,"11751,0","11070,0","11780,0","10992,4","21,85","6,32"
24-06-2019,"11053,0","10913,0","11135,0","10560,0","14,40","1,26"
23-06-2019,"10916,0","10745,0","11368,0","10576,0","18,59","1,56"
22-06-2019,"10747,9","10227,0","11210,0","10098,2","36,68","5,00"
21-06-2019,"10236,0","9557,8","10249,0","9557,8","22,23","7,10"
20-06-2019,"9557,1","9306,0","9620,8","9241,0","10,59","2,70"
19-06-2019,"9305,9","9094,9","9339,9","9062,0","5,77","2,31"
18-06-2019,"9095,9","9351,0","9370,9","8945,4","10,59","-2,78"
17-06-2019,"9356,0","8986,0","9489,9","8986,0","14,17","4,12"
16-06-2019,"8986,0","8852,8","9389,6","8803,0","20,91","1,47"
15-06-2019,"8856,0","8689,0","8904,1","8611,0","9,40","1,92"
14-06-2019,"8689,1","8230,0","8714,9","8163,3","12,71","5,61"
13-06-2019,"8227,4","8177,6","8333,0","8038,9","8,89","0,64"
12-06-2019,"8175,4","7903,1","8238,8","7822,3","9,14","3,43"
11-06-2019,"7904,1","8018,8","8048,9","7711,3","6,53","-1,37"
10-06-2019,"8013,7","7622,5","8046,3","7523,3","8,90","4,90"
09-06-2019,"7639,2","7924,0","7961,0","7502,5","6,83","-3,60"
08-06-2019,"7924,6","8002,1","8064,8","7802,0","4,77","-0,84"
07-06-2019,"7991,5","7816,9","8123,5","7769,1","13,44","2,38"
06-06-2019,"7805,6","7766,3","7870,6","7461,0","7,51","0,21"
05-06-2019,"7789,3","7692,8","7931,0","7603,0","10,83","1,25"
04-06-2019,"7692,8","8088,0","8088,0","7524,5","28,12","-5,07"
03-06-2019,"8103,4","8740,1","8740,1","8050,1","18,66","-7,28"
02-06-2019,"8740,0","8546,9","8818,0","8540,0","6,24","2,26"
01-06-2019,"8547,0","8531,9","8625,0","8452,0","5,46","0,16"
31-05-2019,"8533,3","8268,5","8550,0","8112,4","10,93","3,18"
30-05-2019,"8269,9","8681,2","9100,0","8019,7","20,29","-4,73"
29-05-2019,"8680,9","8738,1","8794,9","8490,0","10,30","-0,69"
28-05-2019,"8740,9","8806,1","8843,7","8558,3","11,14","-0,74"
27-05-2019,"8806,0","8730,0","8951,0","8661,0","17,56","0,87"
26-05-2019,"8729,9","8054,9","8820,0","7880,2","20,14","8,38"
25-05-2019,"8054,9","7990,0","8135,0","7950,4","4,34","0,75"
24-05-2019,"7994,9","7872,1","8158,6","7801,6","10,92","1,56"
23-05-2019,"7872,4","7619,9","7957,1","7496,3","10,55","3,30"
22-05-2019,"7621,1","7933,6","8030,0","7507,9","10,78","-3,98"
21-05-2019,"7937,0","7990,5","8089,9","7819,7","7,69","-0,60"
20-05-2019,"7985,0","8188,3","8188,3","7601,0","16,90","-2,50"
19-05-2019,"8189,5","7260,1","8263,2","7252,0","23,46","12,80"
18-05-2019,"7260,0","7418,3","7509,1","7210,6","9,32","-2,10"
17-05-2019,"7415,4","7857,5","7905,7","7067,4","29,02","-5,62"
16-05-2019,"7857,0","8135,5","8307,7","7750,1","22,29","-3,39"
15-05-2019,"8132,9","7951,9","8208,9","7837,6","19,04","2,19"
14-05-2019,"7958,3","7753,2","8194,1","7684,1","29,32","2,65"
13-05-2019,"7753,2","6980,1","8049,9","6883,9","36,47","11,08"
12-05-2019,"6979,9","7125,1","7448,0","6860,0","31,96","-2,19"
11-05-2019,"7136,4","6438,7","7278,3","6438,7","37,91","10,84"
10-05-2019,"6438,7","6262,0","6522,0","6212,6","14,49","2,88"
09-05-2019,"6258,4","6201,9","6309,0","6165,0","9,68","0,93"
08-05-2019,"6201,0","6096,6","6220,4","6024,1","8,20","1,86"
07-05-2019,"6087,9","6027,9","6290,0","6027,9","11,99","1,00"
06-05-2019,"6027,9","6042,0","6100,3","5906,8","6,48","-0,23"
05-05-2019,"6042,0","6098,2","6112,0","5956,2","5,82","-0,92"
04-05-2019,"6098,3","6019,9","6149,1","5868,2","9,44","1,37"
03-05-2019,"6016,0","5729,6","6139,9","5716,5","19,48","5,11"
02-05-2019,"5723,8","5629,5","5779,8","5618,0","11,06","1,67"
01-05-2019,"5629,6","5599,6","5655,0","5585,5","5,53","0,54"
30-04-2019,"5599,5","5480,0","5612,0","5454,9","7,44","2,18"
29-04-2019,"5480,1","5486,8","5515,2","5370,3","7,81","-0,12"
28-04-2019,"5486,8","5400,6","5542,2","5400,6","7,76","1,57"
27-04-2019,"5401,8","5410,9","5456,9","5355,4","4,57","-0,17"
26-04-2019,"5410,8","5215,6","5517,1","5174,1","21,53","3,68"
25-04-2019,"5219,0","5479,6","5556,8","5065,2","21,49","-4,77"
24-04-2019,"5480,3","5547,1","5647,4","5415,0","16,53","-1,27"
23-04-2019,"5550,9","5417,8","5645,0","5395,2","18,76","2,46"
22-04-2019,"5417,8","5320,3","5447,5","5276,5","11,95","1,80"
21-04-2019,"5321,9","5340,1","5366,1","5259,4","6,15","-0,34"
20-04-2019,"5340,0","5314,1","5375,6","5289,2","6,48","0,49"
19-04-2019,"5314,0","5310,8","5371,1","5225,0","6,31","0,06"
18-04-2019,"5310,8","5254,5","5339,3","5254,0","9,04","1,07"
17-04-2019,"5254,5","5234,3","5291,1","5224,7","9,28","0,39"
16-04-2019,"5234,3","5042,8","5256,2","5030,0","8,38","3,67"
15-04-2019,"5049,2","5190,1","5217,1","5000,7","9,52","-2,79"
14-04-2019,"5194,3","5103,7","5209,0","5064,2","4,15","1,81"
13-04-2019,"5101,8","5114,1","5160,8","5075,3","5,21","-0,24"
12-04-2019,"5114,0","5059,0","5134,9","4935,2","9,22","0,95"
11-04-2019,"5065,8","5315,5","5340,0","5001,1","19,39","-4,63"
10-04-2019,"5311,7","5213,0","5487,4","5200,5","15,78","1,83"
09-04-2019,"5216,3","5312,4","5312,5","5173,5","11,90","-1,81"
08-04-2019,"5312,5","5238,9","5361,7","5148,5","17,82","1,42"
07-04-2019,"5238,1","5091,1","5313,1","5075,0","9,95","2,90"
06-04-2019,"5090,5","5080,4","5280,0","4968,1","14,20","0,20"
05-04-2019,"5080,4","4939,3","5130,0","4930,1","11,36","2,87"
04-04-2019,"4938,9","4976,9","5099,9","4834,0","15,42","-0,79"
03-04-2019,"4978,0","4929,3","5330,1","4849,1","44,28","1,03"
02-04-2019,"4927,1","4196,9","5079,4","4189,7","54,14","17,40"
01-04-2019,"4196,8","4167,5","4220,8","4127,2","7,01","0,70"
31-03-2019,"4167,6","4165,1","4181,4","4153,1","2,27","0,06"
30-03-2019,"4165,1","4179,1","4210,0","4117,2","6,63","-0,33"
29-03-2019,"4179,0","4092,6","4188,0","4084,7","8,65","2,11"
28-03-2019,"4092,6","4102,7","4104,0","4066,4","6,22","-0,24"
27-03-2019,"4102,5","3992,7","4109,6","3979,6","7,93","2,78"
26-03-2019,"3991,7","3970,0","3994,8","3951,0","5,09","0,55"
25-03-2019,"3970,0","4041,4","4049,9","3939,1","6,70","-1,77"
24-03-2019,"4041,4","4063,0","4063,2","4011,5","3,36","-0,54"
23-03-2019,"4063,2","4045,2","4076,3","4038,5","4,37","0,44"
22-03-2019,"4045,3","4044,8","4064,6","4035,1","4,84","0,01"
21-03-2019,"4044,8","4127,2","4138,7","4005,2","11,82","-2,00"
20-03-2019,"4127,2","4104,6","4136,2","4073,9","7,82","0,55"
19-03-2019,"4104,7","4073,7","4118,0","4056,6","5,55","0,77"
18-03-2019,"4073,5","4069,0","4119,9","4035,6","3,68","0,11"
17-03-2019,"4068,9","4088,0","4088,3","4041,1","3,38","-0,47"
16-03-2019,"4088,0","4003,1","4152,7","4003,1","13,94","2,12"
15-03-2019,"4003,1","3948,3","4011,0","3948,3","6,72","1,39"
14-03-2019,"3948,3","3946,2","4000,1","3882,8","8,30","0,01"
13-03-2019,"3947,9","3954,9","3972,1","3925,1","5,51","-0,16"
12-03-2019,"3954,1","3950,7","3979,5","3895,2","7,63","0,13"
11-03-2019,"3949,0","4000,0","4009,2","3920,7","6,61","-1,28"
10-03-2019,"4000,0","4017,3","4017,3","3961,8","4,67","-0,43"
09-03-2019,"4017,3","3940,5","4046,2","3933,9","7,38","1,95"
08-03-2019,"3940,5","3964,7","4020,9","3863,7","9,36","-0,61"
07-03-2019,"3964,7","3951,5","3989,6","3935,7","7,64","0,34"
06-03-2019,"3951,4","3951,6","3984,1","3912,4","6,59","-0,01"
05-03-2019,"3951,6","3800,0","3966,9","3786,2","10,80","3,99"
04-03-2019,"3800,0","3884,8","3908,1","3767,1","10,18","-2,18"
03-03-2019,"3884,8","3913,0","3923,4","3856,7","2,88","-0,72"
02-03-2019,"3913,0","3915,0","3924,0","3850,0","5,11","-0,03"
01-03-2019,"3914,0","3894,0","3948,7","3893,0","4,76","0,51"
28-02-2019,"3894,0","3900,1","3988,0","3875,0","12,10","-0,22"
27-02-2019,"3902,7","3896,8","3934,0","3767,0","12,03","0,15"
26-02-2019,"3896,8","3919,3","3934,1","3870,4","5,11","-0,64"
25-02-2019,"3921,8","3825,0","3965,0","3825,0","10,41","2,34"
24-02-2019,"3832,0","4212,2","4282,4","3812,0","36,09","-9,02"
23-02-2019,"4211,7","4058,2","4255,0","4014,5","21,53","3,78"
22-02-2019,"4058,3","4008,8","4074,0","3991,3","14,21","1,23"
21-02-2019,"4008,8","4053,7","4122,0","3975,3","15,48","-1,14"
20-02-2019,"4055,0","3989,9","4070,0","3969,2","15,25","1,63"
19-02-2019,"3989,9","3978,4","4081,4","3943,4","24,30","0,30"
18-02-2019,"3978,1","3734,5","4019,9","3723,9","37,62","6,52"
17-02-2019,"3734,5","3676,5","3788,8","3668,9","14,07","1,58"
16-02-2019,"3676,4","3670,1","3724,9","3666,0","7,52","0,18"
15-02-2019,"3670,0","3656,7","3716,3","3644,5","7,81","0,36"
14-02-2019,"3656,7","3665,5","3681,1","3641,1","7,53","-0,26"
13-02-2019,"3666,1","3694,1","3735,4","3650,4","11,76","-0,76"
12-02-2019,"3694,2","3681,0","3728,0","3645,3","11,34","0,36"
11-02-2019,"3681,1","3749,7","3749,7","3672,0","7,80","-1,74"
10-02-2019,"3746,3","3718,3","3753,5","3667,1","9,97","0,75"
09-02-2019,"3718,4","3724,1","3739,1","3688,8","6,74","-0,15"
08-02-2019,"3724,0","3439,0","3799,6","3427,8","31,15","8,38"
07-02-2019,"3436,1","3451,9","3462,3","3429,3","4,80","-0,46"
06-02-2019,"3452,0","3512,6","3521,0","3417,6","13,16","-1,73"
05-02-2019,"3512,6","3490,4","3517,0","3475,9","4,59","0,63"
04-02-2019,"3490,5","3504,2","3522,6","3475,3","5,21","-0,32"
03-02-2019,"3501,7","3564,5","3566,8","3470,1","7,86","-1,76"
02-02-2019,"3564,3","3534,8","3575,4","3500,8","10,89","0,79"
01-02-2019,"3536,2","3502,7","3557,2","3465,0","10,04","1,00"
31-01-2019,"3501,1","3529,7","3565,7","3482,2","8,57","-0,81"
30-01-2019,"3529,6","3478,0","3548,0","3451,5","12,58","1,49"
29-01-2019,"3477,9","3501,1","3512,5","3427,2","10,47","-0,68"
28-01-2019,"3501,9","3597,1","3597,9","3450,3","17,02","-2,65"
27-01-2019,"3597,1","3630,7","3642,5","3544,0","11,45","-0,93"
26-01-2019,"3630,7","3629,0","3745,8","3624,8","13,00","0,05"
25-01-2019,"3628,9","3653,0","3663,4","3582,1","7,38","-0,65"
24-01-2019,"3652,6","3621,7","3670,0","3589,9","7,87","0,90"
23-01-2019,"3619,9","3639,0","3677,0","3591,2","7,97","-0,53"
22-01-2019,"3639,1","3579,4","3676,3","3488,3","18,08","1,67"
21-01-2019,"3579,4","3588,6","3614,8","3550,0","10,81","-0,19"
20-01-2019,"3586,1","3762,3","3796,0","3548,3","20,62","-4,62"
19-01-2019,"3760,0","3674,1","3858,5","3673,9","13,39","2,29"
18-01-2019,"3675,7","3722,5","3723,9","3652,4","5,65","-1,27"
17-01-2019,"3723,0","3671,3","3725,0","3610,0","10,86","1,41"
16-01-2019,"3671,2","3657,0","3750,0","3642,9","13,23","0,40"
15-01-2019,"3656,5","3749,3","3769,5","3625,1","13,32","-2,48"
14-01-2019,"3749,3","3591,0","3798,7","3581,8","14,84","4,41"
13-01-2019,"3591,0","3702,0","3712,9","3570,0","12,59","-3,00"
12-01-2019,"3702,0","3712,8","3734,0","3674,4","9,29","-0,38"
11-01-2019,"3716,1","3712,8","3777,4","3666,6","13,13","0,09"
10-01-2019,"3712,8","4083,3","4136,1","3687,2","35,02","-9,07"
09-01-2019,"4083,2","4100,0","4165,5","4036,0","20,63","-0,41"
08-01-2019,"4100,0","4113,9","4210,0","4056,2","18,72","-0,34"
07-01-2019,"4113,9","4170,9","4196,9","4078,5","11,32","-1,38"
06-01-2019,"4171,5","3911,0","4214,5","3892,9","25,17","6,66"
05-01-2019,"3911,0","3954,8","4014,9","3901,4","14,87","-1,11"
04-01-2019,"3954,9","3923,2","3985,8","3853,3","13,23","0,81"
03-01-2019,"3923,2","4049,9","4055,1","3882,0","10,92","-3,09"
02-01-2019,"4048,5","3963,1","4082,2","3920,1","19,43","2,16"
01-01-2019,"3963,0","3832,6","3981,9","3788,4","13,85","3,46"
31-12-2018,"3830,5","3976,7","3986,9","3779,5","15,79","-3,72"
30-12-2018,"3978,3","3893,8","4003,0","3845,2","17,73","2,35"
29-12-2018,"3887,0","4033,9","4099,7","3864,6","18,70","-3,71"
28-12-2018,"4036,7","3712,0","4094,9","3696,3","26,92","8,67"
27-12-2018,"3714,7","3930,0","3954,9","3688,0","23,61","-5,47"
26-12-2018,"3929,8","3909,7","3990,0","3812,1","19,13","0,51"
25-12-2018,"3909,7","4140,7","4152,1","3815,5","33,73","-5,68"
24-12-2018,"4145,2","4071,7","4384,0","4069,0","38,00","1,71"
23-12-2018,"4075,7","4135,0","4210,0","4036,8","24,47","-1,43"
22-12-2018,"4135,0","3975,9","4147,3","3919,5","19,51","4,00"
21-12-2018,"3976,1","4214,6","4283,0","3913,3","43,52","-5,66"
20-12-2018,"4214,5","3810,0","4275,7","3788,6","65,87","10,62"
19-12-2018,"3810,0","3780,1","4041,1","3758,0","55,26","0,79"
18-12-2018,"3780,1","3625,0","3780,9","3551,0","29,43","4,28"
17-12-2018,"3625,1","3299,9","3711,5","3285,5","35,72","9,85"
16-12-2018,"3299,9","3282,2","3380,3","3278,0","19,10","0,45"
15-12-2018,"3285,1","3281,6","3323,8","3216,1","17,89","0,07"
14-12-2018,"3282,8","3354,4","3390,8","3226,4","28,56","-2,13"
13-12-2018,"3354,4","3535,6","3539,1","3322,2","22,24","-5,13"
12-12-2018,"3535,6","3435,3","3611,2","3415,1","20,93","2,92"
11-12-2018,"3435,3","3523,5","3549,6","3384,0","24,05","-2,54"
10-12-2018,"3524,9","3642,1","3697,9","3475,8","22,60","-3,15"
09-12-2018,"3639,6","3506,0","3766,6","3469,7","25,08","3,81"
08-12-2018,"3506,0","3460,0","3784,8","3316,2","39,08","1,33"
07-12-2018,"3460,0","3528,6","3624,8","3278,4","74,08","-2,02"
06-12-2018,"3531,3","3770,5","3908,0","3506,0","58,22","-6,21"
05-12-2018,"3765,3","3982,2","4000,1","3751,1","28,43","-5,44"
04-12-2018,"3981,9","3903,8","4131,1","3793,1","33,69","2,07"
03-12-2018,"3901,2","4172,9","4178,5","3836,2","36,86","-6,21"
02-12-2018,"4159,7","4241,4","4353,2","4127,2","24,40","-1,96"
01-12-2018,"4243,0","4043,6","4339,0","3978,8","27,50","5,07"
30-11-2018,"4038,3","4323,3","4357,4","3966,2","42,38","-6,37"
29-11-2018,"4312,9","4331,4","4472,0","4180,6","41,10","0,15"
28-11-2018,"4306,3","3902,3","4439,6","3889,9","65,26","10,86"
27-11-2018,"3884,4","3850,1","3941,6","3713,2","46,27","0,68"
26-11-2018,"3858,0","4111,3","4196,4","3708,1","64,08","-5,62"
25-11-2018,"4087,8","3934,9","4211,3","3663,0","82,18","4,02"
24-11-2018,"3929,8","4422,8","4515,2","3834,7","50,98","-11,14"
23-11-2018,"4422,7","4370,8","4482,0","4251,0","36,09","0,69"
22-11-2018,"4392,4","4672,1","4716,8","4388,5","27,95","-5,88"
21-11-2018,"4666,6","4572,8","4773,4","4429,9","44,38","1,45"
20-11-2018,"4600,1","4944,9","5048,0","4318,1","117,22","-6,84"
19-11-2018,"4938,1","5650,3","5650,3","4890,9","74,15","-12,75"
18-11-2018,"5659,4","5637,2","5716,0","5621,0","9,55","0,58"
17-11-2018,"5626,7","5655,7","5659,2","5573,6","7,98","-0,60"
16-11-2018,"5660,5","5731,9","5756,8","5555,0","18,43","-1,61"
15-11-2018,"5753,4","5922,3","5929,2","5441,5","49,91","-2,23"
14-11-2018,"5884,6","6458,9","6485,0","5705,0","69,20","-8,97"
13-11-2018,"6464,4","6447,0","6497,5","6403,5","10,12","0,27"
12-11-2018,"6446,9","6481,0","6481,0","6418,8","7,30","-0,05"
11-11-2018,"6450,0","6431,0","6459,9","6364,0","7,34","0,29"
10-11-2018,"6431,1","6414,5","6461,7","6414,5","3,25","0,17"
09-11-2018,"6420,2","6479,5","6502,9","6392,6","10,45","-0,92"
08-11-2018,"6479,6","6573,0","6585,0","6477,0","11,58","-1,42"
07-11-2018,"6572,7","6519,0","6607,1","6512,2","10,72","0,88"
06-11-2018,"6515,2","6475,0","6515,3","6447,8","7,25","0,70"
05-11-2018,"6470,1","6495,2","6495,2","6439,4","4,81","-0,23"
04-11-2018,"6485,2","6389,2","6509,4","6360,1","8,96","1,52"
03-11-2018,"6387,9","6432,2","6432,2","6334,7","11,37","-0,61"
